<?xml version="1.0" encoding="UTF-8"?>
<project-private xmlns="http://www.netbeans.org/ns/project-private/1">
    <editor-bookmarks xmlns="http://www.netbeans.org/ns/editor-bookmarks/2" lastBookmarkId="0"/>
    <open-files xmlns="http://www.netbeans.org/ns/projectui-open-files/2">
        <group>
            <file>file:/C:/Users/12201027/Desktop/Rough%203/Rough%203/CSE221Lab3/CSE221Lab3/CSE221Lab3/src/cse221lab3/CSE221Lab3.java</file>
            <file>file:/C:/Users/12201027/Desktop/Rough%203/Rough%203/CSE221Lab3/CSE221Lab3/CSE221Lab3/file.txt</file>
        </group>
    </open-files>
</project-private>
